Workbook

Sheet Portada
A1: ENTREGABLE 2 – PLANNING DE CARGA DE TRABAJO
A4: Taller | B4: Doctor Fierros
A5: Período | B5: 13 al 27 de julio de 2026
A6: Órdenes programadas | B6: 230
A7: Técnicos | B7: 6
A8: Asesores | B8: 2
A9: Bahías | B9: 6
A10: Capacidad diaria normal | B10: 48 h
A11: Reserva operativa | B11: 15 %

Sheet Planning_Diario
A1: PLANNING DIARIO DE CARGA DE TRABAJO
A4: OT | B4: Fecha | C4: Día | D4: Semana | E4: Cliente | F4: Placa | G4: Marca | H4: Modelo | I4: Tipo mantenimiento | J4: Estado | K4: Técnico | L4: Asesor | M4: Bahía | N4: Recepción | O4: Inicio técnico | P4: Fin técnico | Q4: Control calidad | R4: Lavado | S4: Prueba ruta | T4: Entrega | U4: Tempario (h) | V4: Horas requeridas | W4: Horas normales | X4: Horas extra | Y4: Capacidad técnico | Z4: Utilización | AA4: Carga | AB4: Cumple entrega | AC4: Observación | AD4: Conflicto
A5: OT-2026001 | B5: 46223 | C5: Monday | D5: 30 | E5: Cliente 001 | F5: P00-1000 | G5: Hyundai | H5: TUCSON 2.0 MT | I5: Mantenimiento 30.000 km | J5: Planificada | K5: Marie Dubois | L5: Marco Rossi | M5: B1 | N5: 46223.317 | O5: 46223.333 | P5: 46223.588 | Q5: 46223.609 | R5: 46223.62 | S5: 46223.636 | T5: 46223.661 | U5: 4.2 | V5: 5.12 | W5: 5.12 | X5: 0 | Y5: 8 | Z5: 0.64 | AA5: Media | AB5: Sí | AC5: Programación válida | AD5: =IF(COUNTIFS($B$5:$B$234,B5,$K$5:$K$234,K5,$O$5:$O$234,"<"&P5,$P$5:$P$234,">"&O5)>1,"CONFLICTO","OK") -> CONFLICTO
A6: OT-2026002 | B6: 46216 | C6: Monday | D6: 29 | E6: Cliente 002 | F6: P01-1001 | G6: Hyundai | H6: ACCENT | I6: Mantenimiento 5.000 km | J6: Proyectada | K6: Marie Dubois | L6: Giulia Bianchi | M6: B2 | N6: 46216.4 | O6: 46216.417 | P6: 46216.45 | Q6: 46216.47 | R6: 46216.481 | S6: 46216.497 | T6: 46216.522 | U6: 0.65 | V6: 0.79 | W6: 0.79 | X6: 0 | Y6: 8 | Z6: 0.0988 | AA6: Baja | AB6: Sí | AC6: Programación válida | AD6: =IF(COUNTIFS($B$5:$B$234,B6,$K$5:$K$234,K6,$O$5:$O$234,"<"&P6,$P$5:$P$234,">"&O6)>1,"CONFLICTO","OK") -> OK
A7: OT-2026003 | B7: 46225 | C7: Wednesday | D7: 30 | E7: Cliente 003 | F7: P02-1002 | G7: Hyundai | H7: I10 | I7: Mantenimiento 1.500 km | J7: Planificada | K7: Marie Dubois | L7: Marco Rossi | M7: B3 | N7: 46225.567 | O7: 46225.583 | P7: 46225.611 | Q7: 46225.632 | R7: 46225.643 | S7: 46225.659 | T7: 46225.684 | U7: 0.55 | V7: 0.67 | W7: 0.67 | X7: 0 | Y7: 8 | Z7: 0.0838 | AA7: Baja | AB7: Sí | AC7: Programación válida | AD7: =IF(COUNTIFS($B$5:$B$234,B7,$K$5:$K$234,K7,$O$5:$O$234,"<"&P7,$P$5:$P$234,">"&O7)>1,"CONFLICTO","OK") -> CONFLICTO
A8: OT-2026004 | B8: 46216 | C8: Monday | D8: 29 | E8: Cliente 004 | F8: P03-1003 | G8: Hyundai | H8: ACCENT | I8: Mantenimiento 15.000 km | J8: Planificada | K8: Anne Peeters | L8: Giulia Bianchi | M8: B4 | N8: 46216.629 | O8: 46216.646 | P8: 46216.689 | Q8: 46216.71 | R8: 46216.72 | S8: 46216.737 | T8: 46216.762 | U8: 0.85 | V8: 1.04 | W8: 1.04 | X8: 0 | Y8: 8 | Z8: 0.13 | AA8: Baja | AB8: Sí | AC8: Programación válida | AD8: =IF(COUNTIFS($B$5:$B$234,B8,$K$5:$K$234,K8,$O$5:$O$234,"<"&P8,$P$5:$P$234,">"&O8)>1,"CONFLICTO","OK") -> CONFLICTO
A9: OT-2026005 | B9: 46225 | C9: Wednesday | D9: 30 | E9: Cliente 005 | F9: P04-1004 | G9: Hyundai | H9: VERACRUZ 3.8 V6 | I9: Mantenimiento 40.000 km | J9: En desarrollo | K9: Anne Peeters | L9: Marco Rossi | M9: B5 | N9: 46225.317 | O9: 46225.333 | P9: 46225.604 | Q9: 46225.625 | R9: 46225.635 | S9: 46225.652 | T9: 46225.677 | U9: 4.5 | V9: 5.49 | W9: 5.49 | X9: 0 | Y9: 8 | Z9: 0.6863 | AA9: Media | AB9: Sí | AC9: Programación válida | AD9: =IF(COUNTIFS($B$5:$B$234,B9,$K$5:$K$234,K9,$O$5:$O$234,"<"&P9,$P$5:$P$234,">"&O9)>1,"CONFLICTO","OK") -> CONFLICTO
A10: OT-2026006 | B10: 46224 | C10: Tuesday | D10: 30 | E10: Cliente 006 | F10: P05-1005 | G10: Hyundai | H10: VERACRUZ 3.8 V6 | I10: Mantenimiento 40.000 km | J10: Planificada | K10: Marie Dubois | L10: Giulia Bianchi | M10: B6 | N10: 46224.4 | O10: 46224.417 | P10: 46224.687 | Q10: 46224.708 | R10: 46224.718 | S10: 46224.735 | T10: 46224.76 | U10: 4.5 | V10: 5.49 | W10: 5.49 | X10: 0 | Y10: 8 | Z10: 0.6863 | AA10: Media | AB10: Sí | AC10: Programación válida | AD10: =IF(COUNTIFS($B$5:$B$234,B10,$K$5:$K$234,K10,$O$5:$O$234,"<"&P10,$P$5:$P$234,">"&O10)>1,"CONFLICTO","OK") -> CONFLICTO
A11: OT-2026007 | B11: 46227 | C11: Friday | D11: 30 | E11: Cliente 007 | F11: P06-1006 | G11: Hyundai | H11: SANTA FE 2.4 MT | I11: Mantenimiento 1.500 km | J11: Planificada | K11: Marie Dubois | L11: Marco Rossi | M11: B1 | N11: 46227.567 | O11: 46227.583 | P11: 46227.611 | Q11: 46227.632 | R11: 46227.643 | S11: 46227.659 | T11: 46227.684 | U11: 0.55 | V11: 0.67 | W11: 0.67 | X11: 0 | Y11: 8 | Z11: 0.0838 | AA11: Baja | AB11: Sí | AC11: Programación válida | AD11: =IF(COUNTIFS($B$5:$B$234,B11,$K$5:$K$234,K11,$O$5:$O$234,"<"&P11,$P$5:$P$234,">"&O11)>1,"CONFLICTO","OK") -> CONFLICTO
A12: OT-2026008 | B12: 46224 | C12: Tuesday | D12: 30 | E12: Cliente 008 | F12: P07-1007 | G12: Hyundai | H12: i30 | I12: Mantenimiento 55.000 km | J12: Proyectada | K12: Anne Peeters | L12: Giulia Bianchi | M12: B2 | N12: 46224.629 | O12: 46224.646 | P12: 46224.681 | Q12: 46224.702 | R12: 46224.713 | S12: 46224.729 | T12: 46224.754 | U12: 0.7 | V12: 0.85 | W12: 0.85 | X12: 0 | Y12: 8 | Z12: 0.1062 | AA12: Baja | AB12: Sí | AC12: Programación válida | AD12: =IF(COUNTIFS($B$5:$B$234,B12,$K$5:$K$234,K12,$O$5:$O$234,"<"&P12,$P$5:$P$234,">"&O12)>1,"CONFLICTO","OK") -> CONFLICTO
A13: OT-2026009 | B13: 46216 | C13: Monday | D13: 29 | E13: Cliente 009 | F13: P08-1008 | G13: Hyundai | H13: I10 | I13: Mantenimiento 40.000 km | J13: En desarrollo | K13: Sophie Janssens | L13: Marco Rossi | M13: B3 | N13: 46216.317 | O13: 46216.333 | P13: 46216.604 | Q13: 46216.625 | R13: 46216.635 | S13: 46216.652 | T13: 46216.677 | U13: 4.5 | V13: 5.49 | W13: 5.49 | X13: 0 | Y13: 8 | Z13: 0.6863 | AA13: Media | AB13: Sí | AC13: Programación válida | AD13: =IF(COUNTIFS($B$5:$B$234,B13,$K$5:$K$234,K13,$O$5:$O$234,"<"&P13,$P$5:$P$234,">"&O13)>1,"CONFLICTO","OK") -> CONFLICTO
A14: OT-2026010 | B14: 46219 | C14: Thursday | D14: 29 | E14: Cliente 010 | F14: P09-1009 | G14: Hyundai | H14: SANTA FE 2.4 MT | I14: Mantenimiento 40.000 km | J14: En desarrollo | K14: Marie Dubois | L14: Giulia Bianchi | M14: B4 | N14: 46219.4 | O14: 46219.417 | P14: 46219.687 | Q14: 46219.708 | R14: 46219.718 | S14: 46219.735 | T14: 46219.76 | U14: 4.5 | V14: 5.49 | W14: 5.49 | X14: 0 | Y14: 8 | Z14: 0.6863 | AA14: Media | AB14: Sí | AC14: Programación válida | AD14: =IF(COUNTIFS($B$5:$B$234,B14,$K$5:$K$234,K14,$O$5:$O$234,"<"&P14,$P$5:$P$234,">"&O14)>1,"CONFLICTO","OK") -> CONFLICTO
A15: OT-2026011 | B15: 46223 | C15: Monday | D15: 30 | E15: Cliente 011 | F15: P10-1010 | G15: Hyundai | H15: VERACRUZ 3.8 V6 | I15: Mantenimiento 40.000 km | J15: En desarrollo | K15: Anne Peeters | L15: Marco Rossi | M15: B5 | N15: 46223.567 | O15: 46223.583 | P15: 46223.812 | Q15: 46223.833 | R15: 46223.843 | S15: 46223.86 | T15: 46223.885 | U15: 4.5 | V15: 5.49 | W15: 3.5 | X15: 1.99 | Y15: 8 | Z15: 0.6863 | AA15: Media | AB15: Sí | AC15: Programación válida | AD15: =IF(COUNTIFS($B$5:$B$234,B15,$K$5:$K$234,K15,$O$5:$O$234,"<"&P15,$P$5:$P$234,">"&O15)>1,"CONFLICTO","OK") -> CONFLICTO
A16: OT-2026012 | B16: 46225 | C16: Wednesday | D16: 30 | E16: Cliente 012 | F16: P11-1011 | G16: Hyundai | H16: ELANTRA | I16: Mantenimiento 15.000 km | J16: Prevista | K16: Sophie Janssens | L16: Giulia Bianchi | M16: B6 | N16: 46225.629 | O16: 46225.646 | P16: 46225.689 | Q16: 46225.71 | R16: 46225.72 | S16: 46225.737 | T16: 46225.762 | U16: 0.85 | V16: 1.04 | W16: 1.04 | X16: 0 | Y16: 8 | Z16: 0.13 | AA16: Baja | AB16: Sí | AC16: Programación válida | AD16: =IF(COUNTIFS($B$5:$B$234,B16,$K$5:$K$234,K16,$O$5:$O$234,"<"&P16,$P$5:$P$234,">"&O16)>1,"CONFLICTO","OK") -> CONFLICTO
... A234: OT-2026230 | B234: 46226 | C234: Thursday | D234: 30 | E234: Cliente 230 | F234: P21-1229 | G234: Hyundai | H234: TERRACAN 2.9 D | I234: Mantenimiento 1.500 km | J234: Planificada | K234: Sophie Janssens | L234: Giulia Bianchi | M234: B2 | N234: 46226.4 | O234: 46226.417 | P234: 46226.445 | Q234: 46226.465 | R234: 46226.476 | S234: 46226.493 | T234: 46226.518 | U234: 0.55 | V234: 0.67 | W234: 0.67 | X234: 0 | Y234: 8 | Z234: 0.0838 | AA234: Baja | AB234: Sí | AC234: Programación válida | AD234: =IF(COUNTIFS($B$5:$B$234,B234,$K$5:$K$234,K234,$O$5:$O$234,"<"&P234,$P$5:$P$234,">"&O234)>1,"CONFLICTO","OK") -> OK

Sheet Planning_Semanal
A1: PLANNING SEMANAL – CARGA POR TÉCNICO
A4: Técnico | B4: Capacidad diaria | C4: 46216 | D4: 46217 | E4: 46218 | F4: 46219 | G4: 46220 | H4: 46223 | I4: 46224 | J4: 46225 | K4: 46226 | L4: 46227 | M4: 46230
A5: ="Marie Dubois" -> Marie Dubois | B5: =8 -> 8 | C5: =SUMIFS(Planning_Diario!$V$5:$V$234,Planning_Diario!$K$5:$K$234,$A5,Planning_Diario!$B$5:$B$234,C$4) -> 10.3 | D5: =SUMIFS(Planning_Diario!$V$5:$V$234,Planning_Diario!$K$5:$K$234,$A5,Planning_Diario!$B$5:$B$234,D$4) -> 8.04 | E5: =SUMIFS(Planning_Diario!$V$5:$V$234,Planning_Diario!$K$5:$K$234,$A5,Planning_Diario!$B$5:$B$234,E$4) -> 6.16 | F5: =SUMIFS(Planning_Diario!$V$5:$V$234,Planning_Diario!$K$5:$K$234,$A5,Planning_Diario!$B$5:$B$234,F$4) -> 11.28 | G5: =SUMIFS(Planning_Diario!$V$5:$V$234,Planning_Diario!$K$5:$K$234,$A5,Planning_Diario!$B$5:$B$234,G$4) -> 10.72 | H5: =SUMIFS(Planning_Diario!$V$5:$V$234,Planning_Diario!$K$5:$K$234,$A5,Planning_Diario!$B$5:$B$234,H$4) -> 10.61 | I5: =SUMIFS(Planning_Diario!$V$5:$V$234,Planning_Diario!$K$5:$K$234,$A5,Planning_Diario!$B$5:$B$234,I$4) -> 10.49 | J5: =SUMIFS(Planning_Diario!$V$5:$V$234,Planning_Diario!$K$5:$K$234,$A5,Planning_Diario!$B$5:$B$234,J$4) -> 6.71 | ... M5: =SUMIFS(Planning_Diario!$V$5:$V$234,Planning_Diario!$K$5:$K$234,$A5,Planning_Diario!$B$5:$B$234,M$4) -> 12.93
A6: ="Anne Peeters" -> Anne Peeters | B6: =8 -> 8 | C6: =SUMIFS(Planning_Diario!$V$5:$V$234,Planning_Diario!$K$5:$K$234,$A6,Planning_Diario!$B$5:$B$234,C$4) -> 6.83 | D6: =SUMIFS(Planning_Diario!$V$5:$V$234,Planning_Diario!$K$5:$K$234,$A6,Planning_Diario!$B$5:$B$234,D$4) -> 9.14 | E6: =SUMIFS(Planning_Diario!$V$5:$V$234,Planning_Diario!$K$5:$K$234,$A6,Planning_Diario!$B$5:$B$234,E$4) -> 2.13 | F6: =SUMIFS(Planning_Diario!$V$5:$V$234,Planning_Diario!$K$5:$K$234,$A6,Planning_Diario!$B$5:$B$234,F$4) -> 6.89 | G6: =SUMIFS(Planning_Diario!$V$5:$V$234,Planning_Diario!$K$5:$K$234,$A6,Planning_Diario!$B$5:$B$234,G$4) -> 11.53 | H6: =SUMIFS(Planning_Diario!$V$5:$V$234,Planning_Diario!$K$5:$K$234,$A6,Planning_Diario!$B$5:$B$234,H$4) -> 11.04 | I6: =SUMIFS(Planning_Diario!$V$5:$V$234,Planning_Diario!$K$5:$K$234,$A6,Planning_Diario!$B$5:$B$234,I$4) -> 8.65 | J6: =SUMIFS(Planning_Diario!$V$5:$V$234,Planning_Diario!$K$5:$K$234,$A6,Planning_Diario!$B$5:$B$234,J$4) -> 6.53 | ... M6: =SUMIFS(Planning_Diario!$V$5:$V$234,Planning_Diario!$K$5:$K$234,$A6,Planning_Diario!$B$5:$B$234,M$4) -> 11.83
A7: ="Sophie Janssens" -> Sophie Janssens | B7: =8 -> 8 | C7: =SUMIFS(Planning_Diario!$V$5:$V$234,Planning_Diario!$K$5:$K$234,$A7,Planning_Diario!$B$5:$B$234,C$4) -> 11.1 | D7: =SUMIFS(Planning_Diario!$V$5:$V$234,Planning_Diario!$K$5:$K$234,$A7,Planning_Diario!$B$5:$B$234,D$4) -> 9.02 | E7: =SUMIFS(Planning_Diario!$V$5:$V$234,Planning_Diario!$K$5:$K$234,$A7,Planning_Diario!$B$5:$B$234,E$4) -> 5.55 | F7: =SUMIFS(Planning_Diario!$V$5:$V$234,Planning_Diario!$K$5:$K$234,$A7,Planning_Diario!$B$5:$B$234,F$4) -> 11.04 | G7: =SUMIFS(Planning_Diario!$V$5:$V$234,Planning_Diario!$K$5:$K$234,$A7,Planning_Diario!$B$5:$B$234,G$4) -> 6.88 | H7: =SUMIFS(Planning_Diario!$V$5:$V$234,Planning_Diario!$K$5:$K$234,$A7,Planning_Diario!$B$5:$B$234,H$4) -> 10.24 | I7: =SUMIFS(Planning_Diario!$V$5:$V$234,Planning_Diario!$K$5:$K$234,$A7,Planning_Diario!$B$5:$B$234,I$4) -> 11.1 | J7: =SUMIFS(Planning_Diario!$V$5:$V$234,Planning_Diario!$K$5:$K$234,$A7,Planning_Diario!$B$5:$B$234,J$4) -> 11.04 | ... M7: =SUMIFS(Planning_Diario!$V$5:$V$234,Planning_Diario!$K$5:$K$234,$A7,Planning_Diario!$B$5:$B$234,M$4) -> 14.64
A8: ="Jan Peeters" -> Jan Peeters | B8: =8 -> 8 | C8: =SUMIFS(Planning_Diario!$V$5:$V$234,Planning_Diario!$K$5:$K$234,$A8,Planning_Diario!$B$5:$B$234,C$4) -> 6.53 | D8: =SUMIFS(Planning_Diario!$V$5:$V$234,Planning_Diario!$K$5:$K$234,$A8,Planning_Diario!$B$5:$B$234,D$4) -> 7.92 | E8: =SUMIFS(Planning_Diario!$V$5:$V$234,Planning_Diario!$K$5:$K$234,$A8,Planning_Diario!$B$5:$B$234,E$4) -> 2.87 | F8: =SUMIFS(Planning_Diario!$V$5:$V$234,Planning_Diario!$K$5:$K$234,$A8,Planning_Diario!$B$5:$B$234,F$4) -> 6.58 | G8: =SUMIFS(Planning_Diario!$V$5:$V$234,Planning_Diario!$K$5:$K$234,$A8,Planning_Diario!$B$5:$B$234,G$4) -> 6.82 | H8: =SUMIFS(Planning_Diario!$V$5:$V$234,Planning_Diario!$K$5:$K$234,$A8,Planning_Diario!$B$5:$B$234,H$4) -> 7.86 | I8: =SUMIFS(Planning_Diario!$V$5:$V$234,Planning_Diario!$K$5:$K$234,$A8,Planning_Diario!$B$5:$B$234,I$4) -> 11.03 | J8: =SUMIFS(Planning_Diario!$V$5:$V$234,Planning_Diario!$K$5:$K$234,$A8,Planning_Diario!$B$5:$B$234,J$4) -> 7.68 | ... M8: =SUMIFS(Planning_Diario!$V$5:$V$234,Planning_Diario!$K$5:$K$234,$A8,Planning_Diario!$B$5:$B$234,M$4) -> 12.01
A9: ="Pierre Dubois" -> Pierre Dubois | B9: =8 -> 8 | C9: =SUMIFS(Planning_Diario!$V$5:$V$234,Planning_Diario!$K$5:$K$234,$A9,Planning_Diario!$B$5:$B$234,C$4) -> 6.64 | D9: =SUMIFS(Planning_Diario!$V$5:$V$234,Planning_Diario!$K$5:$K$234,$A9,Planning_Diario!$B$5:$B$234,D$4) -> 8.05 | E9: =SUMIFS(Planning_Diario!$V$5:$V$234,Planning_Diario!$K$5:$K$234,$A9,Planning_Diario!$B$5:$B$234,E$4) -> 2.68 | F9: =SUMIFS(Planning_Diario!$V$5:$V$234,Planning_Diario!$K$5:$K$234,$A9,Planning_Diario!$B$5:$B$234,F$4) -> 11.4 | G9: =SUMIFS(Planning_Diario!$V$5:$V$234,Planning_Diario!$K$5:$K$234,$A9,Planning_Diario!$B$5:$B$234,G$4) -> 9.02 | H9: =SUMIFS(Planning_Diario!$V$5:$V$234,Planning_Diario!$K$5:$K$234,$A9,Planning_Diario!$B$5:$B$234,H$4) -> 7.62 | I9: =SUMIFS(Planning_Diario!$V$5:$V$234,Planning_Diario!$K$5:$K$234,$A9,Planning_Diario!$B$5:$B$234,I$4) -> 12.86 | J9: =SUMIFS(Planning_Diario!$V$5:$V$234,Planning_Diario!$K$5:$K$234,$A9,Planning_Diario!$B$5:$B$234,J$4) -> 6.2 | ... M9: =SUMIFS(Planning_Diario!$V$5:$V$234,Planning_Diario!$K$5:$K$234,$A9,Planning_Diario!$B$5:$B$234,M$4) -> 12.26
A10: ="Willem Janssens" -> Willem Janssens | B10: =8 -> 8 | C10: =SUMIFS(Planning_Diario!$V$5:$V$234,Planning_Diario!$K$5:$K$234,$A10,Planning_Diario!$B$5:$B$234,C$4) -> 11.59 | D10: =SUMIFS(Planning_Diario!$V$5:$V$234,Planning_Diario!$K$5:$K$234,$A10,Planning_Diario!$B$5:$B$234,D$4) -> 12.31 | E10: =SUMIFS(Planning_Diario!$V$5:$V$234,Planning_Diario!$K$5:$K$234,$A10,Planning_Diario!$B$5:$B$234,E$4) -> 4.76 | F10: =SUMIFS(Planning_Diario!$V$5:$V$234,Planning_Diario!$K$5:$K$234,$A10,Planning_Diario!$B$5:$B$234,F$4) -> 9.51 | G10: =SUMIFS(Planning_Diario!$V$5:$V$234,Planning_Diario!$K$5:$K$234,$A10,Planning_Diario!$B$5:$B$234,G$4) -> 7.14 | H10: =SUMIFS(Planning_Diario!$V$5:$V$234,Planning_Diario!$K$5:$K$234,$A10,Planning_Diario!$B$5:$B$234,H$4) -> 12.2 | I10: =SUMIFS(Planning_Diario!$V$5:$V$234,Planning_Diario!$K$5:$K$234,$A10,Planning_Diario!$B$5:$B$234,I$4) -> 9.02 | J10: =SUMIFS(Planning_Diario!$V$5:$V$234,Planning_Diario!$K$5:$K$234,$A10,Planning_Diario!$B$5:$B$234,J$4) -> 10.61 | ... M10: =SUMIFS(Planning_Diario!$V$5:$V$234,Planning_Diario!$K$5:$K$234,$A10,Planning_Diario!$B$5:$B$234,M$4) -> 14.27
A12: TOTAL TALLER | B12: 48 | C12: =SUM(C5:C10) -> 52.99 | D12: =SUM(D5:D10) -> 54.48 | E12: =SUM(E5:E10) -> 24.15 | F12: =SUM(F5:F10) -> 56.7 | G12: =SUM(G5:G10) -> 52.11 | H12: =SUM(H5:H10) -> 59.57 | I12: =SUM(I5:I10) -> 63.15 | J12: =SUM(J5:J10) -> 48.77 | ... M12: =SUM(M5:M10) -> 77.94
A14: UTILIZACIÓN TALLER | B14: 48 | C14: =C12/48 -> 1.1039583 | D14: =D12/48 -> 1.135 | E14: =E12/48 -> 0.503125 | F14: =F12/48 -> 1.18125 | G14: =G12/48 -> 1.085625 | H14: =H12/48 -> 1.2410417 | I14: =I12/48 -> 1.315625 | J14: =J12/48 -> 1.0160417 | ... M14: =M12/48 -> 1.62375

Sheet Capacidad_Taller
A1: CONTROL DE CAPACIDAD Y DISPONIBILIDAD
A4: Fecha | B4: Capacidad normal | C4: Reserva 15% | D4: Capacidad programable | E4: Carga asignada | F4: Horas extra | G4: Capacidad total | H4: Disponible | I4: Utilización | J4: Diagnóstico
A5: 46216 | B5: =48 -> 48 | C5: =B5*15% -> 7.2 | D5: =B5-C5 -> 40.8 | E5: =SUMIFS(Planning_Diario!$V$5:$V$234,Planning_Diario!$B$5:$B$234,A5) -> 52.99 | F5: =SUMIFS(Planning_Diario!$X$5:$X$234,Planning_Diario!$B$5:$B$234,A5) -> 11.03 | G5: =B5+F5 -> 59.03 | H5: =MAX(0,G5-E5) -> 6.04 | I5: =E5/G5 -> 0.89767915 | J5: =IF(I5>1,"SOBRECARGA",IF(I5>0.85,"ALTA",IF(I5>0.6,"MEDIA","BAJA"))) -> ALTA
A6: 46217 | B6: =48 -> 48 | C6: =B6*15% -> 7.2 | D6: =B6-C6 -> 40.8 | E6: =SUMIFS(Planning_Diario!$V$5:$V$234,Planning_Diario!$B$5:$B$234,A6) -> 54.48 | F6: =SUMIFS(Planning_Diario!$X$5:$X$234,Planning_Diario!$B$5:$B$234,A6) -> 10.26 | G6: =B6+F6 -> 58.26 | H6: =MAX(0,G6-E6) -> 3.78 | I6: =E6/G6 -> 0.93511843 | J6: =IF(I6>1,"SOBRECARGA",IF(I6>0.85,"ALTA",IF(I6>0.6,"MEDIA","BAJA"))) -> ALTA
A7: 46218 | B7: =48 -> 48 | C7: =B7*15% -> 7.2 | D7: =B7-C7 -> 40.8 | E7: =SUMIFS(Planning_Diario!$V$5:$V$234,Planning_Diario!$B$5:$B$234,A7) -> 24.15 | F7: =SUMIFS(Planning_Diario!$X$5:$X$234,Planning_Diario!$B$5:$B$234,A7) -> 8.52 | G7: =B7+F7 -> 56.52 | H7: =MAX(0,G7-E7) -> 32.37 | I7: =E7/G7 -> 0.42728238 | J7: =IF(I7>1,"SOBRECARGA",IF(I7>0.85,"ALTA",IF(I7>0.6,"MEDIA","BAJA"))) -> BAJA
A8: 46219 | B8: =48 -> 48 | C8: =B8*15% -> 7.2 | D8: =B8-C8 -> 40.8 | E8: =SUMIFS(Planning_Diario!$V$5:$V$234,Planning_Diario!$B$5:$B$234,A8) -> 56.7 | F8: =SUMIFS(Planning_Diario!$X$5:$X$234,Planning_Diario!$B$5:$B$234,A8) -> 4.04 | G8: =B8+F8 -> 52.04 | H8: =MAX(0,G8-E8) -> 0 | I8: =E8/G8 -> 1.0895465 | J8: =IF(I8>1,"SOBRECARGA",IF(I8>0.85,"ALTA",IF(I8>0.6,"MEDIA","BAJA"))) -> SOBRECARGA
A9: 46220 | B9: =48 -> 48 | C9: =B9*15% -> 7.2 | D9: =B9-C9 -> 40.8 | E9: =SUMIFS(Planning_Diario!$V$5:$V$234,Planning_Diario!$B$5:$B$234,A9) -> 52.11 | F9: =SUMIFS(Planning_Diario!$X$5:$X$234,Planning_Diario!$B$5:$B$234,A9) -> 11.3 | G9: =B9+F9 -> 59.3 | H9: =MAX(0,G9-E9) -> 7.19 | I9: =E9/G9 -> 0.87875211 | J9: =IF(I9>1,"SOBRECARGA",IF(I9>0.85,"ALTA",IF(I9>0.6,"MEDIA","BAJA"))) -> ALTA
A10: 46223 | B10: =48 -> 48 | C10: =B10*15% -> 7.2 | D10: =B10-C10 -> 40.8 | E10: =SUMIFS(Planning_Diario!$V$5:$V$234,Planning_Diario!$B$5:$B$234,A10) -> 59.57 | F10: =SUMIFS(Planning_Diario!$X$5:$X$234,Planning_Diario!$B$5:$B$234,A10) -> 12.37 | G10: =B10+F10 -> 60.37 | H10: =MAX(0,G10-E10) -> 0.8 | I10: =E10/G10 -> 0.98674838 | J10: =IF(I10>1,"SOBRECARGA",IF(I10>0.85,"ALTA",IF(I10>0.6,"MEDIA","BAJA"))) -> ALTA
A11: 46224 | B11: =48 -> 48 | C11: =B11*15% -> 7.2 | D11: =B11-C11 -> 40.8 | E11: =SUMIFS(Planning_Diario!$V$5:$V$234,Planning_Diario!$B$5:$B$234,A11) -> 63.15 | F11: =SUMIFS(Planning_Diario!$X$5:$X$234,Planning_Diario!$B$5:$B$234,A11) -> 3.52 | G11: =B11+F11 -> 51.52 | H11: =MAX(0,G11-E11) -> 0 | I11: =E11/G11 -> 1.2257376 | J11: =IF(I11>1,"SOBRECARGA",IF(I11>0.85,"ALTA",IF(I11>0.6,"MEDIA","BAJA"))) -> SOBRECARGA
A12: 46225 | B12: =48 -> 48 | C12: =B12*15% -> 7.2 | D12: =B12-C12 -> 40.8 | E12: =SUMIFS(Planning_Diario!$V$5:$V$234,Planning_Diario!$B$5:$B$234,A12) -> 48.77 | F12: =SUMIFS(Planning_Diario!$X$5:$X$234,Planning_Diario!$B$5:$B$234,A12) -> 6.12 | G12: =B12+F12 -> 54.12 | H12: =MAX(0,G12-E12) -> 5.35 | I12: =E12/G12 -> 0.9011456 | J12: =IF(I12>1,"SOBRECARGA",IF(I12>0.85,"ALTA",IF(I12>0.6,"MEDIA","BAJA"))) -> ALTA
A13: 46226 | B13: =48 -> 48 | C13: =B13*15% -> 7.2 | D13: =B13-C13 -> 40.8 | E13: =SUMIFS(Planning_Diario!$V$5:$V$234,Planning_Diario!$B$5:$B$234,A13) -> 62.52 | F13: =SUMIFS(Planning_Diario!$X$5:$X$234,Planning_Diario!$B$5:$B$234,A13) -> 10.53 | G13: =B13+F13 -> 58.53 | H13: =MAX(0,G13-E13) -> 0 | I13: =E13/G13 -> 1.0681702 | J13: =IF(I13>1,"SOBRECARGA",IF(I13>0.85,"ALTA",IF(I13>0.6,"MEDIA","BAJA"))) -> SOBRECARGA
A14: 46227 | B14: =48 -> 48 | C14: =B14*15% -> 7.2 | D14: =B14-C14 -> 40.8 | E14: =SUMIFS(Planning_Diario!$V$5:$V$234,Planning_Diario!$B$5:$B$234,A14) -> 69.07 | F14: =SUMIFS(Planning_Diario!$X$5:$X$234,Planning_Diario!$B$5:$B$234,A14) -> 8.05 | G14: =B14+F14 -> 56.05 | H14: =MAX(0,G14-E14) -> 0 | I14: =E14/G14 -> 1.2322926 | J14: =IF(I14>1,"SOBRECARGA",IF(I14>0.85,"ALTA",IF(I14>0.6,"MEDIA","BAJA"))) -> SOBRECARGA
A15: 46230 | B15: =48 -> 48 | C15: =B15*15% -> 7.2 | D15: =B15-C15 -> 40.8 | E15: =SUMIFS(Planning_Diario!$V$5:$V$234,Planning_Diario!$B$5:$B$234,A15) -> 77.94 | F15: =SUMIFS(Planning_Diario!$X$5:$X$234,Planning_Diario!$B$5:$B$234,A15) -> 5.88 | G15: =B15+F15 -> 53.88 | H15: =MAX(0,G15-E15) -> 0 | I15: =E15/G15 -> 1.4465479 | J15: =IF(I15>1,"SOBRECARGA",IF(I15>0.85,"ALTA",IF(I15>0.6,"MEDIA","BAJA"))) -> SOBRECARGA

Sheet Conflictos
A1: CONTROL DE CONFLICTOS Y REPROGRAMACIÓN
A4: Indicador | B4: Cantidad | D4: Criterio | E4: Regla | F4: Acción | G4: Responsable | H4: Prioridad
A5: Conflictos de técnico | B5: =COUNTIF(Planning_Diario!AD5:AD234,"CONFLICTO") -> 182 | D5: Cruce técnico | E5: Dos O.T. se solapan | F5: Reasignar técnico u horario | G5: Jefe de taller | H5: Alta
A6: Órdenes paradas | B6: =COUNTIF(Planning_Diario!J5:J234,"Parada") -> 4 | D6: Sobrecarga | E6: Utilización > 100% | F6: Aplicar horas extra | G6: Jefe de taller | H6: Alta
A7: Entregas incumplidas | B7: =COUNTIF(Planning_Diario!AB5:AB234,"No") -> 0 | D7: Parada | E7: Falta repuesto/autorización | F7: Seguimiento hasta 27/07 | G7: Asesor | H7: Media
A8: Órdenes con horas extra | B8: =COUNTIF(Planning_Diario!X5:X234,">0") -> 46 | D8: Entrega tardía | E8: Entrega fuera del compromiso | F8: Ajustar procesos finales | G8: Asesor | H8: Media
A9: Órdenes válidas | B9: =COUNTIF(Planning_Diario!AD5:AD234,"OK") -> 48 | D9: Reserva | E9: Mantener 15% disponible | F9: Aceptar urgencias | G9: Jefe de taller | H9: Baja
