Workbook

Sheet Base_Datos
A1: OT | B1: Fecha | C1: Semana | D1: Técnico | E1: Asesor | F1: Estado | G1: Tipo vehículo | H1: Tipo trabajo | I1: Horas productivas | J1: Horas extra | K1: Costo técnico | L1: Costo asesor | M1: Costo lavado | N1: Costo control calidad | O1: Costo total | P1: Situación | Q1: Cumplimiento
A2: OT-2026001 | B2: 46219 | C2: 29 | D2: Marie Dubois | E2: Marco Rossi | F2: Prevista | G2: SUV | H2: Mantenimiento 5.000 km | I2: 0.63 | J2: 0 | K2: 15.75 | L2: 11 | M2: 0.5 | N2: 5 | O2: 32.25 | P2: Pendiente | Q2: A tiempo
A3: OT-2026002 | B3: 46219 | C3: 29 | D3: Anne Peeters | E3: Giulia Bianchi | F3: Proyectada | G3: Automóvil | H3: Mantenimiento 10.000 km | I3: 4.01 | J3: 0 | K3: 100.25 | L3: 11 | M3: 0.5 | N3: 5 | O3: 116.75 | P3: Pendiente | Q3: A tiempo
A4: OT-2026003 | B4: 46223 | C4: 30 | D4: Sophie Janssens | E4: Marco Rossi | F4: Planificada | G4: SUV | H4: Mantenimiento 10.000 km | I4: 3.35 | J4: 0.3 | K4: 83.75 | L4: 11 | M4: 0.5 | N4: 5 | O4: 100.25 | P4: Terminada | Q4: A tiempo
A5: OT-2026004 | B5: 46217 | C5: 29 | D5: Jan Peeters | E5: Giulia Bianchi | F5: Proyectada | G5: SUV | H5: Mantenimiento 50.000 km | I5: 3.87 | J5: 0.56 | K5: 96.75 | L5: 11 | M5: 0.5 | N5: 5 | O5: 113.25 | P5: Pendiente | Q5: Retraso
A6: OT-2026005 | B6: 46227 | C6: 30 | D6: Pierre Dubois | E6: Marco Rossi | F6: Planificada | G6: Automóvil | H6: Mantenimiento 20.000 km | I6: 4.56 | J6: 0 | K6: 114 | L6: 11 | M6: 0.5 | N6: 5 | O6: 130.5 | P6: Terminada | Q6: A tiempo
A7: OT-2026006 | B7: 46225 | C7: 30 | D7: Willem Janssens | E7: Giulia Bianchi | F7: En desarrollo | G7: SUV | H7: Mantenimiento 30.000 km | I7: 4.12 | J7: 0.31 | K7: 103 | L7: 11 | M7: 0.5 | N7: 5 | O7: 119.5 | P7: Terminada | Q7: A tiempo
A8: OT-2026007 | B8: 46218 | C8: 29 | D8: Marie Dubois | E8: Marco Rossi | F8: Planificada | G8: Automóvil | H8: Mantenimiento 30.000 km | I8: 4.27 | J8: 1.01 | K8: 106.75 | L8: 11 | M8: 0.5 | N8: 5 | O8: 123.25 | P8: Terminada | Q8: A tiempo
A9: OT-2026008 | B9: 46223 | C9: 30 | D9: Anne Peeters | E9: Giulia Bianchi | F9: Planificada | G9: SUV | H9: Mantenimiento 30.000 km | I9: 3.63 | J9: 0.45 | K9: 90.75 | L9: 11 | M9: 0.5 | N9: 5 | O9: 107.25 | P9: Terminada | Q9: A tiempo
A10: OT-2026009 | B10: 46225 | C10: 30 | D10: Sophie Janssens | E10: Marco Rossi | F10: Proyectada | G10: SUV | H10: Mantenimiento 20.000 km | I10: 4.44 | J10: 0 | K10: 111 | L10: 11 | M10: 0.5 | N10: 5 | O10: 127.5 | P10: Pendiente | Q10: A tiempo
A11: OT-2026010 | B11: 46225 | C11: 30 | D11: Jan Peeters | E11: Giulia Bianchi | F11: Proyectada | G11: Camioneta | H11: Mantenimiento 20.000 km | I11: 4.91 | J11: 0 | K11: 122.75 | L11: 11 | M11: 0.5 | N11: 5 | O11: 139.25 | P11: Pendiente | Q11: A tiempo
A12: OT-2026011 | B12: 46220 | C12: 29 | D12: Pierre Dubois | E12: Marco Rossi | F12: En desarrollo | G12: Camioneta | H12: Mantenimiento 20.000 km | I12: 4.92 | J12: 1.16 | K12: 123 | L12: 11 | M12: 0.5 | N12: 5 | O12: 139.5 | P12: Terminada | Q12: A tiempo
A13: OT-2026012 | B13: 46230 | C13: 31 | D13: Willem Janssens | E13: Giulia Bianchi | F13: En desarrollo | G13: Automóvil | H13: Mantenimiento 10.000 km | I13: 3.71 | J13: 0.33 | K13: 92.75 | L13: 11 | M13: 0.5 | N13: 5 | O13: 109.25 | P13: Terminada | Q13: A tiempo
... A231: OT-2026230 | B231: 46219 | C231: 29 | D231: Anne Peeters | E231: Giulia Bianchi | F231: En desarrollo | G231: SUV | H231: Mantenimiento 50.000 km | I231: 3.71 | J231: 1.19 | K231: 92.75 | L231: 11 | M231: 0.5 | N231: 5 | O231: 109.25 | P231: Pendiente | Q231: A tiempo

Sheet Resumenes
A1: Técnico | B1: Horas productivas | C1: Vehículos | D1: Horas extra | E1: Costo técnico | F1: Utilización | H1: Estado | I1: Cantidad | K1: Tipo vehículo | L1: Cantidad | N1: Tipo trabajo | O1: Cantidad
A2: Marie Dubois | B2: =SUMIF(Base_Datos!$D$2:$D$231,A2,Base_Datos!$I$2:$I$231) -> 133.4 | C2: =COUNTIF(Base_Datos!$D$2:$D$231,A2) -> 39 | D2: =SUMIF(Base_Datos!$D$2:$D$231,A2,Base_Datos!$J$2:$J$231) -> 14.86 | E2: =SUMIF(Base_Datos!$D$2:$D$231,A2,Base_Datos!$K$2:$K$231) -> 3335 | F2: =B2/88 -> 1.5159091 | H2: En desarrollo | I2: =COUNTIF(Base_Datos!$F$2:$F$231,H2) -> 42 | K2: Automóvil | L2: =COUNTIF(Base_Datos!$G$2:$G$231,K2) -> 83 | N2: Mantenimiento 5.000 km | O2: =COUNTIF(Base_Datos!$H$2:$H$231,N2) -> 43
A3: Anne Peeters | B3: =SUMIF(Base_Datos!$D$2:$D$231,A3,Base_Datos!$I$2:$I$231) -> 127.82 | C3: =COUNTIF(Base_Datos!$D$2:$D$231,A3) -> 39 | D3: =SUMIF(Base_Datos!$D$2:$D$231,A3,Base_Datos!$J$2:$J$231) -> 18.37 | E3: =SUMIF(Base_Datos!$D$2:$D$231,A3,Base_Datos!$K$2:$K$231) -> 3195.5 | F3: =B3/88 -> 1.4525 | H3: Planificada | I3: =COUNTIF(Base_Datos!$F$2:$F$231,H3) -> 73 | K3: SUV | L3: =COUNTIF(Base_Datos!$G$2:$G$231,K3) -> 103 | N3: Mantenimiento 10.000 km | O3: =COUNTIF(Base_Datos!$H$2:$H$231,N3) -> 39
A4: Sophie Janssens | B4: =SUMIF(Base_Datos!$D$2:$D$231,A4,Base_Datos!$I$2:$I$231) -> 123.94 | C4: =COUNTIF(Base_Datos!$D$2:$D$231,A4) -> 38 | D4: =SUMIF(Base_Datos!$D$2:$D$231,A4,Base_Datos!$J$2:$J$231) -> 13.74 | E4: =SUMIF(Base_Datos!$D$2:$D$231,A4,Base_Datos!$K$2:$K$231) -> 3098.5 | F4: =B4/88 -> 1.4084091 | H4: Proyectada | I4: =COUNTIF(Base_Datos!$F$2:$F$231,H4) -> 80 | K4: Camioneta | L4: =COUNTIF(Base_Datos!$G$2:$G$231,K4) -> 33 | N4: Mantenimiento 20.000 km | O4: =COUNTIF(Base_Datos!$H$2:$H$231,N4) -> 42
A5: Jan Peeters | B5: =SUMIF(Base_Datos!$D$2:$D$231,A5,Base_Datos!$I$2:$I$231) -> 136.11 | C5: =COUNTIF(Base_Datos!$D$2:$D$231,A5) -> 38 | D5: =SUMIF(Base_Datos!$D$2:$D$231,A5,Base_Datos!$J$2:$J$231) -> 17.65 | E5: =SUMIF(Base_Datos!$D$2:$D$231,A5,Base_Datos!$K$2:$K$231) -> 3402.75 | F5: =B5/88 -> 1.5467045 | H5: Prevista | I5: =COUNTIF(Base_Datos!$F$2:$F$231,H5) -> 31 | K5: Monovolumen | L5: =COUNTIF(Base_Datos!$G$2:$G$231,K5) -> 11 | N5: Mantenimiento 30.000 km | O5: =COUNTIF(Base_Datos!$H$2:$H$231,N5) -> 27
A6: Pierre Dubois | B6: =SUMIF(Base_Datos!$D$2:$D$231,A6,Base_Datos!$I$2:$I$231) -> 131.4 | C6: =COUNTIF(Base_Datos!$D$2:$D$231,A6) -> 38 | D6: =SUMIF(Base_Datos!$D$2:$D$231,A6,Base_Datos!$J$2:$J$231) -> 20.07 | E6: =SUMIF(Base_Datos!$D$2:$D$231,A6,Base_Datos!$K$2:$K$231) -> 3285 | F6: =B6/88 -> 1.4931818 | H6: Parada | I6: =COUNTIF(Base_Datos!$F$2:$F$231,H6) -> 4 | N6: Mantenimiento 40.000 km | O6: =COUNTIF(Base_Datos!$H$2:$H$231,N6) -> 36
A7: Willem Janssens | B7: =SUMIF(Base_Datos!$D$2:$D$231,A7,Base_Datos!$I$2:$I$231) -> 131.22 | C7: =COUNTIF(Base_Datos!$D$2:$D$231,A7) -> 38 | D7: =SUMIF(Base_Datos!$D$2:$D$231,A7,Base_Datos!$J$2:$J$231) -> 13.86 | E7: =SUMIF(Base_Datos!$D$2:$D$231,A7,Base_Datos!$K$2:$K$231) -> 3280.5 | F7: =B7/88 -> 1.4911364 | N7: Mantenimiento 50.000 km | O7: =COUNTIF(Base_Datos!$H$2:$H$231,N7) -> 43
A10: Fecha | B10: Vehículos | C10: Horas productivas | D10: Horas extra | E10: Costo técnico | F10: Costo asesor | G10: Costo lavado | H10: Costo CC | I10: Costo total | J10: Utilización
A11: 46216 | B11: =COUNTIF(Base_Datos!$B$2:$B$231,A11) -> 24 | C11: =SUMIF(Base_Datos!$B$2:$B$231,A11,Base_Datos!$I$2:$I$231) -> 84.6 | D11: =SUMIF(Base_Datos!$B$2:$B$231,A11,Base_Datos!$J$2:$J$231) -> 10.29 | E11: =SUMIF(Base_Datos!$B$2:$B$231,A11,Base_Datos!$K$2:$K$231) -> 2115 | F11: =SUMIF(Base_Datos!$B$2:$B$231,A11,Base_Datos!$L$2:$L$231) -> 264 | G11: =SUMIF(Base_Datos!$B$2:$B$231,A11,Base_Datos!$M$2:$M$231) -> 12 | H11: =SUMIF(Base_Datos!$B$2:$B$231,A11,Base_Datos!$N$2:$N$231) -> 120 | I11: =SUMIF(Base_Datos!$B$2:$B$231,A11,Base_Datos!$O$2:$O$231) -> 2511 | J11: =C11/48 -> 1.7625
A12: 46217 | B12: =COUNTIF(Base_Datos!$B$2:$B$231,A12) -> 16 | C12: =SUMIF(Base_Datos!$B$2:$B$231,A12,Base_Datos!$I$2:$I$231) -> 53.96 | D12: =SUMIF(Base_Datos!$B$2:$B$231,A12,Base_Datos!$J$2:$J$231) -> 6.68 | E12: =SUMIF(Base_Datos!$B$2:$B$231,A12,Base_Datos!$K$2:$K$231) -> 1349 | F12: =SUMIF(Base_Datos!$B$2:$B$231,A12,Base_Datos!$L$2:$L$231) -> 176 | G12: =SUMIF(Base_Datos!$B$2:$B$231,A12,Base_Datos!$M$2:$M$231) -> 8 | H12: =SUMIF(Base_Datos!$B$2:$B$231,A12,Base_Datos!$N$2:$N$231) -> 80 | I12: =SUMIF(Base_Datos!$B$2:$B$231,A12,Base_Datos!$O$2:$O$231) -> 1613 | J12: =C12/48 -> 1.1241667
A13: 46218 | B13: =COUNTIF(Base_Datos!$B$2:$B$231,A13) -> 20 | C13: =SUMIF(Base_Datos!$B$2:$B$231,A13,Base_Datos!$I$2:$I$231) -> 75.67 | D13: =SUMIF(Base_Datos!$B$2:$B$231,A13,Base_Datos!$J$2:$J$231) -> 11.65 | E13: =SUMIF(Base_Datos!$B$2:$B$231,A13,Base_Datos!$K$2:$K$231) -> 1891.75 | F13: =SUMIF(Base_Datos!$B$2:$B$231,A13,Base_Datos!$L$2:$L$231) -> 220 | G13: =SUMIF(Base_Datos!$B$2:$B$231,A13,Base_Datos!$M$2:$M$231) -> 10 | H13: =SUMIF(Base_Datos!$B$2:$B$231,A13,Base_Datos!$N$2:$N$231) -> 100 | I13: =SUMIF(Base_Datos!$B$2:$B$231,A13,Base_Datos!$O$2:$O$231) -> 2221.75 | J13: =C13/48 -> 1.5764583
A14: 46219 | B14: =COUNTIF(Base_Datos!$B$2:$B$231,A14) -> 27 | C14: =SUMIF(Base_Datos!$B$2:$B$231,A14,Base_Datos!$I$2:$I$231) -> 87.67 | D14: =SUMIF(Base_Datos!$B$2:$B$231,A14,Base_Datos!$J$2:$J$231) -> 11.47 | E14: =SUMIF(Base_Datos!$B$2:$B$231,A14,Base_Datos!$K$2:$K$231) -> 2191.75 | F14: =SUMIF(Base_Datos!$B$2:$B$231,A14,Base_Datos!$L$2:$L$231) -> 297 | G14: =SUMIF(Base_Datos!$B$2:$B$231,A14,Base_Datos!$M$2:$M$231) -> 13.5 | H14: =SUMIF(Base_Datos!$B$2:$B$231,A14,Base_Datos!$N$2:$N$231) -> 135 | I14: =SUMIF(Base_Datos!$B$2:$B$231,A14,Base_Datos!$O$2:$O$231) -> 2637.25 | J14: =C14/48 -> 1.8264583
A15: 46220 | B15: =COUNTIF(Base_Datos!$B$2:$B$231,A15) -> 22 | C15: =SUMIF(Base_Datos!$B$2:$B$231,A15,Base_Datos!$I$2:$I$231) -> 66.94 | D15: =SUMIF(Base_Datos!$B$2:$B$231,A15,Base_Datos!$J$2:$J$231) -> 9.54 | E15: =SUMIF(Base_Datos!$B$2:$B$231,A15,Base_Datos!$K$2:$K$231) -> 1673.5 | F15: =SUMIF(Base_Datos!$B$2:$B$231,A15,Base_Datos!$L$2:$L$231) -> 242 | G15: =SUMIF(Base_Datos!$B$2:$B$231,A15,Base_Datos!$M$2:$M$231) -> 11 | H15: =SUMIF(Base_Datos!$B$2:$B$231,A15,Base_Datos!$N$2:$N$231) -> 110 | I15: =SUMIF(Base_Datos!$B$2:$B$231,A15,Base_Datos!$O$2:$O$231) -> 2036.5 | J15: =C15/48 -> 1.3945833
A16: 46223 | B16: =COUNTIF(Base_Datos!$B$2:$B$231,A16) -> 21 | C16: =SUMIF(Base_Datos!$B$2:$B$231,A16,Base_Datos!$I$2:$I$231) -> 60.74 | D16: =SUMIF(Base_Datos!$B$2:$B$231,A16,Base_Datos!$J$2:$J$231) -> 7.03 | E16: =SUMIF(Base_Datos!$B$2:$B$231,A16,Base_Datos!$K$2:$K$231) -> 1518.5 | F16: =SUMIF(Base_Datos!$B$2:$B$231,A16,Base_Datos!$L$2:$L$231) -> 231 | G16: =SUMIF(Base_Datos!$B$2:$B$231,A16,Base_Datos!$M$2:$M$231) -> 10.5 | H16: =SUMIF(Base_Datos!$B$2:$B$231,A16,Base_Datos!$N$2:$N$231) -> 105 | I16: =SUMIF(Base_Datos!$B$2:$B$231,A16,Base_Datos!$O$2:$O$231) -> 1865 | J16: =C16/48 -> 1.2654167
A17: 46224 | B17: =COUNTIF(Base_Datos!$B$2:$B$231,A17) -> 25 | C17: =SUMIF(Base_Datos!$B$2:$B$231,A17,Base_Datos!$I$2:$I$231) -> 88.07 | D17: =SUMIF(Base_Datos!$B$2:$B$231,A17,Base_Datos!$J$2:$J$231) -> 12.12 | E17: =SUMIF(Base_Datos!$B$2:$B$231,A17,Base_Datos!$K$2:$K$231) -> 2201.75 | F17: =SUMIF(Base_Datos!$B$2:$B$231,A17,Base_Datos!$L$2:$L$231) -> 275 | G17: =SUMIF(Base_Datos!$B$2:$B$231,A17,Base_Datos!$M$2:$M$231) -> 12.5 | H17: =SUMIF(Base_Datos!$B$2:$B$231,A17,Base_Datos!$N$2:$N$231) -> 125 | I17: =SUMIF(Base_Datos!$B$2:$B$231,A17,Base_Datos!$O$2:$O$231) -> 2614.25 | J17: =C17/48 -> 1.8347917
A18: 46225 | B18: =COUNTIF(Base_Datos!$B$2:$B$231,A18) -> 21 | C18: =SUMIF(Base_Datos!$B$2:$B$231,A18,Base_Datos!$I$2:$I$231) -> 73.88 | D18: =SUMIF(Base_Datos!$B$2:$B$231,A18,Base_Datos!$J$2:$J$231) -> 8.42 | E18: =SUMIF(Base_Datos!$B$2:$B$231,A18,Base_Datos!$K$2:$K$231) -> 1847 | F18: =SUMIF(Base_Datos!$B$2:$B$231,A18,Base_Datos!$L$2:$L$231) -> 231 | G18: =SUMIF(Base_Datos!$B$2:$B$231,A18,Base_Datos!$M$2:$M$231) -> 10.5 | H18: =SUMIF(Base_Datos!$B$2:$B$231,A18,Base_Datos!$N$2:$N$231) -> 105 | I18: =SUMIF(Base_Datos!$B$2:$B$231,A18,Base_Datos!$O$2:$O$231) -> 2193.5 | J18: =C18/48 -> 1.5391667
A19: 46226 | B19: =COUNTIF(Base_Datos!$B$2:$B$231,A19) -> 22 | C19: =SUMIF(Base_Datos!$B$2:$B$231,A19,Base_Datos!$I$2:$I$231) -> 76.73 | D19: =SUMIF(Base_Datos!$B$2:$B$231,A19,Base_Datos!$J$2:$J$231) -> 8.99 | E19: =SUMIF(Base_Datos!$B$2:$B$231,A19,Base_Datos!$K$2:$K$231) -> 1918.25 | F19: =SUMIF(Base_Datos!$B$2:$B$231,A19,Base_Datos!$L$2:$L$231) -> 242 | G19: =SUMIF(Base_Datos!$B$2:$B$231,A19,Base_Datos!$M$2:$M$231) -> 11 | H19: =SUMIF(Base_Datos!$B$2:$B$231,A19,Base_Datos!$N$2:$N$231) -> 110 | I19: =SUMIF(Base_Datos!$B$2:$B$231,A19,Base_Datos!$O$2:$O$231) -> 2281.25 | J19: =C19/48 -> 1.5985417
A20: 46227 | B20: =COUNTIF(Base_Datos!$B$2:$B$231,A20) -> 16 | C20: =SUMIF(Base_Datos!$B$2:$B$231,A20,Base_Datos!$I$2:$I$231) -> 61.69 | D20: =SUMIF(Base_Datos!$B$2:$B$231,A20,Base_Datos!$J$2:$J$231) -> 5.79 | E20: =SUMIF(Base_Datos!$B$2:$B$231,A20,Base_Datos!$K$2:$K$231) -> 1542.25 | F20: =SUMIF(Base_Datos!$B$2:$B$231,A20,Base_Datos!$L$2:$L$231) -> 176 | G20: =SUMIF(Base_Datos!$B$2:$B$231,A20,Base_Datos!$M$2:$M$231) -> 8 | H20: =SUMIF(Base_Datos!$B$2:$B$231,A20,Base_Datos!$N$2:$N$231) -> 80 | I20: =SUMIF(Base_Datos!$B$2:$B$231,A20,Base_Datos!$O$2:$O$231) -> 1806.25 | J20: =C20/48 -> 1.2852083
A21: 46230 | B21: =COUNTIF(Base_Datos!$B$2:$B$231,A21) -> 16 | C21: =SUMIF(Base_Datos!$B$2:$B$231,A21,Base_Datos!$I$2:$I$231) -> 53.94 | D21: =SUMIF(Base_Datos!$B$2:$B$231,A21,Base_Datos!$J$2:$J$231) -> 6.57 | E21: =SUMIF(Base_Datos!$B$2:$B$231,A21,Base_Datos!$K$2:$K$231) -> 1348.5 | F21: =SUMIF(Base_Datos!$B$2:$B$231,A21,Base_Datos!$L$2:$L$231) -> 176 | G21: =SUMIF(Base_Datos!$B$2:$B$231,A21,Base_Datos!$M$2:$M$231) -> 8 | H21: =SUMIF(Base_Datos!$B$2:$B$231,A21,Base_Datos!$N$2:$N$231) -> 80 | I21: =SUMIF(Base_Datos!$B$2:$B$231,A21,Base_Datos!$O$2:$O$231) -> 1612.5 | J21: =C21/48 -> 1.12375

Sheet Dashboard
A1: DASHBOARD DE INDICADORES – TALLER DOCTOR FIERROS
A3: Período: 13 al 27 de julio de 2026 | Datos vinculados con la hoja Base_Datos
A5: Vehículos atendidos | E5: Horas productivas | I5: Utilización capacidad | M5: Costo total
A6: =COUNTA(Base_Datos!A2:A231) -> 230 | E6: =SUM(Base_Datos!I2:I231) -> 783.89 | I6: =SUM(Base_Datos!I2:I231)/(48*11) -> 1.4846402 | M6: =SUM(Base_Datos!O2:O231) -> 23392.25
A10: Tiempo promedio/vehículo | E10: Horas extraordinarias | I10: Órdenes terminadas | M10: Cumplimiento a tiempo
A11: =AVERAGE(Base_Datos!I2:I231) -> 3.4082174 | E11: =SUM(Base_Datos!J2:J231) -> 98.55 | I11: =COUNTIF(Base_Datos!P2:P231,"Terminada") -> 88 | M11: =COUNTIF(Base_Datos!Q2:Q231,"A tiempo")/COUNTA(Base_Datos!Q2:Q231) -> 0.84347826
